CREATE DATABASE  IF NOT EXISTS `db_mall` /*!40100 DEFAULT CHARACTER SET utf8mb4 COLLATE utf8mb4_0900_ai_ci */ /*!80016 DEFAULT ENCRYPTION='N' */;
USE `db_mall`;
-- MySQL dump 10.13  Distrib 8.0.20, for macos10.15 (x86_64)
--
-- Host: localhost    Database: db_mall
-- ------------------------------------------------------
-- Server version	8.0.20

/*!40101 SET @OLD_CHARACTER_SET_CLIENT=@@CHARACTER_SET_CLIENT */;
/*!40101 SET @OLD_CHARACTER_SET_RESULTS=@@CHARACTER_SET_RESULTS */;
/*!40101 SET @OLD_COLLATION_CONNECTION=@@COLLATION_CONNECTION */;
/*!50503 SET NAMES utf8 */;
/*!40103 SET @OLD_TIME_ZONE=@@TIME_ZONE */;
/*!40103 SET TIME_ZONE='+00:00' */;
/*!40014 SET @OLD_UNIQUE_CHECKS=@@UNIQUE_CHECKS, UNIQUE_CHECKS=0 */;
/*!40014 SET @OLD_FOREIGN_KEY_CHECKS=@@FOREIGN_KEY_CHECKS, FOREIGN_KEY_CHECKS=0 */;
/*!40101 SET @OLD_SQL_MODE=@@SQL_MODE, SQL_MODE='NO_AUTO_VALUE_ON_ZERO' */;
/*!40111 SET @OLD_SQL_NOTES=@@SQL_NOTES, SQL_NOTES=0 */;

--
-- Table structure for table `administrator`
--

DROP TABLE IF EXISTS `administrator`;
/*!40101 SET @saved_cs_client     = @@character_set_client */;
/*!50503 SET character_set_client = utf8mb4 */;
CREATE TABLE `administrator` (
  `ID` int NOT NULL,
  `adm_name` varchar(20) DEFAULT NULL,
  PRIMARY KEY (`ID`)
) ENGINE=InnoDB DEFAULT CHARSET=utf8mb4 COLLATE=utf8mb4_0900_ai_ci;
/*!40101 SET character_set_client = @saved_cs_client */;

--
-- Dumping data for table `administrator`
--

LOCK TABLES `administrator` WRITE;
/*!40000 ALTER TABLE `administrator` DISABLE KEYS */;
INSERT INTO `administrator` VALUES (1000001,'础  宝');
/*!40000 ALTER TABLE `administrator` ENABLE KEYS */;
UNLOCK TABLES;

--
-- Table structure for table `assess`
--

DROP TABLE IF EXISTS `assess`;
/*!40101 SET @saved_cs_client     = @@character_set_client */;
/*!50503 SET character_set_client = utf8mb4 */;
CREATE TABLE `assess` (
  `customer_id` int unsigned NOT NULL,
  `goods_id` int unsigned NOT NULL,
  `order_id` int unsigned NOT NULL,
  `assessment` int DEFAULT NULL,
  PRIMARY KEY (`customer_id`,`goods_id`,`order_id`)
) ENGINE=InnoDB DEFAULT CHARSET=utf8mb4 COLLATE=utf8mb4_0900_ai_ci;
/*!40101 SET character_set_client = @saved_cs_client */;

--
-- Dumping data for table `assess`
--

LOCK TABLES `assess` WRITE;
/*!40000 ALTER TABLE `assess` DISABLE KEYS */;
INSERT INTO `assess` VALUES (20200901,10101,1801061708,4),(20200901,10101,2002240210,8),(20200901,10102,1703152307,10),(20200901,10201,1710050656,9),(20200901,10202,1803021950,8),(20200901,10301,2002082107,2),(20200901,10302,1801051358,1),(20200901,10401,1806162209,6),(20200901,10402,1812052051,9),(20200901,10501,1712031012,8),(20200901,10502,1703232030,3),(20200901,10502,2009181437,3),(20200901,20101,1901082305,1),(20200901,20102,2003010708,6),(20200901,20302,1705310109,3),(20200901,20501,2002052223,10),(20200901,30301,1710250021,7),(20200901,30502,1911100841,4),(20200901,40502,1703121300,4),(20200901,50102,1902101728,5),(20200902,10301,1802090347,2),(20200902,10501,2006211538,9),(20200902,20201,1702271655,9),(20200902,20202,1711161554,7),(20200902,20301,1702200444,5),(20200902,20302,2004161422,5),(20200902,20401,1704021729,4),(20200902,20401,1803272200,4),(20200902,20402,1711211543,3),(20200902,20402,2001190734,6),(20200902,20501,1702170814,3),(20200902,20502,2010181513,7),(20200902,30201,2001220738,5),(20200902,30302,1808050202,6),(20200902,30402,1809260603,5),(20200902,40102,1811171822,4),(20200902,40202,1702060955,9),(20200902,40401,1911271843,5),(20200902,50301,1703160735,1),(20200902,50401,1905302115,3),(20200903,10102,2004240245,2),(20200903,10202,2010020253,7),(20200903,10401,1808110457,9),(20200903,20101,1708161803,1),(20200903,20202,1706220903,10),(20200903,30101,1705270324,10),(20200903,30101,2007091400,4),(20200903,30102,2011300729,5),(20200903,30201,1701110616,10),(20200903,30202,1910130528,4),(20200903,30301,1912020133,7),(20200903,30302,1805121400,7),(20200903,30401,1910100215,9),(20200903,30402,1809091817,2),(20200903,30501,1711140551,8),(20200903,30502,1810081618,2),(20200903,40101,1909260320,4),(20200903,40102,1911280909,4),(20200903,40302,1810040844,8),(20200903,50101,1907130953,10),(20200904,10201,1706031528,4),(20200904,10302,1801280229,10),(20200904,10402,1906122108,7),(20200904,20102,1803182010,3),(20200904,20502,1912151356,6),(20200904,30102,2007151919,6),(20200904,30501,1812090743,5),(20200904,40101,2011060520,8),(20200904,40201,2006161533,9),(20200904,40202,1702151906,1),(20200904,40301,1701061957,8),(20200904,40302,1904111920,1),(20200904,40401,1703170324,6),(20200904,40402,1904212351,4),(20200904,40501,1707220337,10),(20200904,40502,1907141733,5),(20200904,50101,1703260847,3),(20200904,50201,1708041909,8),(20200904,50402,1708202249,4),(20200904,50501,1909301511,9),(20200905,20201,1711071027,6),(20200905,20301,1909271924,8),(20200905,30202,2009210317,3),(20200905,30401,2004090931,6),(20200905,40201,1704010251,8),(20200905,40301,1910232231,9),(20200905,40402,1709061647,10),(20200905,40501,1911050147,6),(20200905,50102,2011260113,9),(20200905,50201,1909052018,2),(20200905,50202,1701171112,4),(20200905,50202,1801250105,10),(20200905,50301,1910280811,2),(20200905,50302,1704122100,8),(20200905,50302,1912251040,10),(20200905,50401,1902281935,7),(20200905,50402,1802041248,10),(20200905,50501,1812241605,9),(20200905,50502,1705280325,1),(20200905,50502,1911160628,6);
/*!40000 ALTER TABLE `assess` ENABLE KEYS */;
UNLOCK TABLES;

--
-- Table structure for table `cart`
--

DROP TABLE IF EXISTS `cart`;
/*!40101 SET @saved_cs_client     = @@character_set_client */;
/*!50503 SET character_set_client = utf8mb4 */;
CREATE TABLE `cart` (
  `goods_id` int unsigned NOT NULL,
  `customer_id` int unsigned NOT NULL,
  PRIMARY KEY (`goods_id`,`customer_id`)
) ENGINE=InnoDB DEFAULT CHARSET=utf8mb4 COLLATE=utf8mb4_0900_ai_ci;
/*!40101 SET character_set_client = @saved_cs_client */;

--
-- Dumping data for table `cart`
--

LOCK TABLES `cart` WRITE;
/*!40000 ALTER TABLE `cart` DISABLE KEYS */;
INSERT INTO `cart` VALUES (10101,20200901),(10102,20200901),(10201,20200901),(10202,20200901),(10301,20200901),(10302,20200901),(10401,20200901),(10402,20200901),(10501,20200901),(10502,20200901),(20101,20200902),(20102,20200902),(20201,20200902),(20202,20200902),(20301,20200902),(20302,20200902),(20401,20200902),(20402,20200902),(20501,20200902),(20502,20200902),(30101,20200903),(30102,20200903),(30201,20200903),(30202,20200903),(30301,20200903),(30302,20200903),(30401,20200903),(30402,20200903),(30501,20200903),(30502,20200903),(40101,20200904),(40102,20200904),(40201,20200904),(40202,20200904),(40301,20200904),(40302,20200904),(40401,20200904),(40402,20200904),(40501,20200904),(40502,20200904),(50101,20200905),(50102,20200905),(50201,20200905),(50202,20200905),(50301,20200905),(50302,20200905),(50401,20200905),(50402,20200905),(50501,20200905),(50502,20200905);
/*!40000 ALTER TABLE `cart` ENABLE KEYS */;
UNLOCK TABLES;

--
-- Table structure for table `consume`
--

DROP TABLE IF EXISTS `consume`;
/*!40101 SET @saved_cs_client     = @@character_set_client */;
/*!50503 SET character_set_client = utf8mb4 */;
CREATE TABLE `consume` (
  `order_id` int unsigned NOT NULL,
  `customer_id` int unsigned NOT NULL,
  PRIMARY KEY (`order_id`,`customer_id`)
) ENGINE=InnoDB DEFAULT CHARSET=utf8mb4 COLLATE=utf8mb4_0900_ai_ci;
/*!40101 SET character_set_client = @saved_cs_client */;

--
-- Dumping data for table `consume`
--

LOCK TABLES `consume` WRITE;
/*!40000 ALTER TABLE `consume` DISABLE KEYS */;
INSERT INTO `consume` VALUES (1701061957,20200904),(1701110616,20200903),(1701171112,20200905),(1702060955,20200902),(1702151906,20200904),(1702170814,20200902),(1702200444,20200902),(1702271655,20200902),(1703121300,20200901),(1703152307,20200901),(1703160735,20200902),(1703170324,20200904),(1703232030,20200901),(1703260847,20200904),(1704010251,20200905),(1704021729,20200902),(1704122100,20200905),(1705270324,20200903),(1705280325,20200905),(1705310109,20200901),(1706031528,20200904),(1706220903,20200903),(1707220337,20200904),(1708041909,20200904),(1708161803,20200903),(1708202249,20200904),(1709061647,20200905),(1710050656,20200901),(1710250021,20200901),(1711071027,20200905),(1711140551,20200903),(1711161554,20200902),(1711211543,20200902),(1712031012,20200901),(1801051358,20200901),(1801061708,20200901),(1801250105,20200905),(1801280229,20200904),(1802041248,20200905),(1802090347,20200902),(1803021950,20200901),(1803182010,20200904),(1803272200,20200902),(1805121400,20200903),(1806162209,20200901),(1808050202,20200902),(1808110457,20200903),(1809091817,20200903),(1809260603,20200902),(1810040844,20200903),(1810081618,20200903),(1811171822,20200902),(1812052051,20200901),(1812090743,20200904),(1812241605,20200905),(1901082305,20200901),(1902101728,20200901),(1902281935,20200905),(1904111920,20200904),(1904212351,20200904),(1905302115,20200902),(1906122108,20200904),(1907130953,20200903),(1907141733,20200904),(1909052018,20200905),(1909260320,20200903),(1909271924,20200905),(1909301511,20200904),(1910100215,20200903),(1910130528,20200903),(1910232231,20200905),(1910280811,20200905),(1911050147,20200905),(1911100841,20200901),(1911160628,20200905),(1911271843,20200902),(1911280909,20200903),(1912020133,20200903),(1912151356,20200904),(1912251040,20200905),(2001190734,20200902),(2001220738,20200902),(2002052223,20200901),(2002082107,20200901),(2002240210,20200901),(2003010708,20200901),(2004090931,20200905),(2004161422,20200902),(2004240245,20200903),(2006161533,20200904),(2006211538,20200902),(2007091400,20200903),(2007151919,20200904),(2009181437,20200901),(2009210317,20200905),(2010020253,20200903),(2010181513,20200902),(2011060520,20200904),(2011260113,20200905),(2011300729,20200903);
/*!40000 ALTER TABLE `consume` ENABLE KEYS */;
UNLOCK TABLES;

--
-- Table structure for table `customer`
--

DROP TABLE IF EXISTS `customer`;
/*!40101 SET @saved_cs_client     = @@character_set_client */;
/*!50503 SET character_set_client = utf8mb4 */;
CREATE TABLE `customer` (
  `customer_id` int unsigned NOT NULL,
  `customer_name` varchar(20) NOT NULL,
  `customer_phone_num` int unsigned NOT NULL,
  `address` varchar(80) NOT NULL,
  PRIMARY KEY (`customer_id`)
) ENGINE=InnoDB DEFAULT CHARSET=utf8mb4 COLLATE=utf8mb4_0900_ai_ci;
/*!40101 SET character_set_client = @saved_cs_client */;

--
-- Dumping data for table `customer`
--

LOCK TABLES `customer` WRITE;
/*!40000 ALTER TABLE `customer` DISABLE KEYS */;
INSERT INTO `customer` VALUES (20200901,'卢本伟',123456789,'CN'),(20200902,'55开',345678912,'CN'),(20200903,'White',567891234,'CN'),(20200904,'PDD',789123456,'CN'),(20200905,'聂子哥',912345678,'CN');
/*!40000 ALTER TABLE `customer` ENABLE KEYS */;
UNLOCK TABLES;

--
-- Table structure for table `goods`
--

DROP TABLE IF EXISTS `goods`;
/*!40101 SET @saved_cs_client     = @@character_set_client */;
/*!50503 SET character_set_client = utf8mb4 */;
CREATE TABLE `goods` (
  `goods_id` int unsigned NOT NULL,
  `type` varchar(45) DEFAULT NULL,
  `weight` int unsigned DEFAULT NULL,
  `color` varchar(45) DEFAULT NULL,
  `size` varchar(45) DEFAULT NULL,
  `goods_name` varchar(45) DEFAULT NULL,
  `price` decimal(10,2) unsigned DEFAULT NULL,
  PRIMARY KEY (`goods_id`)
) ENGINE=InnoDB DEFAULT CHARSET=utf8mb4 COLLATE=utf8mb4_0900_ai_ci;
/*!40101 SET character_set_client = @saved_cs_client */;

--
-- Dumping data for table `goods`
--

LOCK TABLES `goods` WRITE;
/*!40000 ALTER TABLE `goods` DISABLE KEYS */;
INSERT INTO `goods` VALUES (10101,'手机phone',1,'亮黑色','160.8*76.1*8.4mm','HUAWEI Mate 30',4499.00),(10102,'手机phone',1,'极光色','158*73.4*8.41mm','HUAWEI P30 Pro',3988.00),(10201,'手机phone',1,'珍珠白','162.6*74.8*8.96mm','xiaomi 10 Pro',4999.00),(10202,'手机phone',1,'深海微光','165.3*76.6*8.79mm','Redmi K30 5G',1599.00),(10301,'手机phone',1,'钛空白','162.6*74.8*8.96mm','OPPO Reno4',3799.00),(10302,'手机phone',1,'夜海','160.3*75.6*7.79mm','OPPO Find X2',4999.00),(10401,'手机phone',1,'液氧','162.6*74.8*8.96mm','vivo X50',3498.00),(10402,'手机phone',1,'月光白','165.3*76.6*8.79mm','vivo S7',2798.00),(10501,'手机phone',0,'黑色','150.9*75.5*8.3mm','iPhone 11',5499.00),(10502,'手机phone',0,'银色','151.9*74.5*8.5mm','iPhone XS',5099.00),(20101,'电器elec appliance',74,'白色','595x600x850mm','海尔洗衣机',2299.00),(20102,'电器elec appliance',90,'金色','647*830*1775mm','海尔冰箱',2699.00),(20201,'电器elec appliance',14,NULL,'790x575x350mm','格力空调',2299.00),(20202,'电器elec appliance',57,NULL,'555x620x1775mm','格力晶弘冰箱',2299.00),(20301,'电器elec appliance',14,NULL,'13L','美的热水器',1399.00),(20302,'电器elec appliance',28,NULL,'95x500x595mm','美的洗碗机',3599.00),(20401,'电器elec appliance',15,NULL,'1353x74x780mm','海信4k电视',2599.00),(20402,'电器elec appliance',51,NULL,'1900x84x1094mm','海信悬浮电视',12999.00),(20501,'电器elec appliance',14,NULL,'510x548x1512mm','康佳小型冰箱',1099.00),(20502,'电器elec appliance',12,NULL,'1227x86.9x722.3mm','康佳智能电视',3599.00),(30101,'数码digital',1,'棕色','57.5 x 66.0 x 121.0mm','索尼摄像机',3499.00),(30102,'数码digital',1,'棕色','58.5 x 65.0 x 119.0mm','索尼摄像机',7199.00),(30201,'数码digital',3,'黑色','140.5×113×78mm','尼康单反相机',11799.00),(30202,'数码digital',1,'黑色',NULL,'尼康专业望远镜',2590.00),(30301,'数码digital',0,'黑色','47.2 x 18.5x 12.4mm','小米手环5',229.00),(30302,'数码digital',13,'黑色','55英寸','小米55英寸电视',2199.00),(30401,'数码digital',1,'棕色','7英寸','天猫精灵智能音箱',499.00),(30402,'数码digital',1,'白色',NULL,'智能净水器',2680.00),(30501,'数码digital',3,'黑色','162 x 226 x 206mm','漫步者音箱',139.00),(30502,'数码digital',0,'棕色',NULL,'漫步者耳机',299.00),(40101,'汽车car',1445,'幻影黑','1471*1832*4865mm','一汽大众新迈腾',249900.00),(40102,'汽车car',1275,'极地白','1582*1819*4318mm','一汽大众探歌',203800.00),(40201,'汽车car',211,'幻影黑',' 2140x815x1170mm','宝马摩托车',5170.00),(40202,'汽车car',1780,'炭黑','1500*1868*5087mm','宝马5系',506900.00),(40301,'汽车car',1400,'红色','1471*1832*4865mm','法拉利488',4080000.00),(40302,'汽车car',1260,'红色','1582*1819*4318mm','法拉利812',4859000.00),(40401,'汽车car',1450,'白色','1471*1832*4865mm','卡罗拉',157800.00),(40402,'汽车car',1270,'极地白','1582*1819*4318mm','亚洲龙',204800.00),(40501,'汽车car',1445,'黑色','1471*1832*4865mm','缤智',169900.00),(40502,'汽车car',1275,'白色','1582*1819*4318mm','飞度',103800.00),(50101,'食品food',0,NULL,'300mL*24','可口可乐碳酸饮料',339.00),(50102,'食品food',7,NULL,'250mL*24','高温灭菌全脂牛奶',88.00),(50201,'食品food',0,NULL,NULL,'龙井茶',98.00),(50202,'食品food',6,NULL,'6.18L','压榨花生油',185.90),(50301,'食品food',1,NULL,'0.5kg','五花肉',39.90),(50302,'食品food',1,NULL,'1.16kg','加拿大经典牛排',148.00),(50401,'食品food',3,NULL,'2.50kg','北极甜虾',129.00),(50402,'食品food',0,NULL,'400.00g','冰鲜三文鱼中段',78.00),(50501,'食品food',0,NULL,NULL,'夹心巧克力',138.00),(50502,'食品food',1,NULL,'8只','大闸蟹',468.00);
/*!40000 ALTER TABLE `goods` ENABLE KEYS */;
UNLOCK TABLES;

--
-- Table structure for table `goods_order`
--

DROP TABLE IF EXISTS `goods_order`;
/*!40101 SET @saved_cs_client     = @@character_set_client */;
/*!50503 SET character_set_client = utf8mb4 */;
CREATE TABLE `goods_order` (
  `order_id` int unsigned NOT NULL,
  `goods_id` int unsigned NOT NULL,
  `cost` decimal(10,2) unsigned DEFAULT NULL,
  `num` int unsigned DEFAULT NULL,
  `store_id` int unsigned NOT NULL,
  PRIMARY KEY (`order_id`,`goods_id`)
) ENGINE=InnoDB DEFAULT CHARSET=utf8mb4 COLLATE=utf8mb4_0900_ai_ci;
/*!40101 SET character_set_client = @saved_cs_client */;

--
-- Dumping data for table `goods_order`
--

LOCK TABLES `goods_order` WRITE;
/*!40000 ALTER TABLE `goods_order` DISABLE KEYS */;
INSERT INTO `goods_order` VALUES (1701061957,40301,40800000.00,10,403),(1701110616,30201,141588.00,12,302),(1701171112,50202,10224.50,55,502),(1702060955,40202,21796700.00,43,402),(1702151906,40202,21289800.00,42,402),(1702170814,20501,18683.00,17,205),(1702200444,20301,55960.00,40,203),(1702271655,20201,154033.00,67,202),(1703121300,40502,6228000.00,60,405),(1703152307,10102,79760.00,20,101),(1703160735,50301,1556.10,39,503),(1703170324,40401,4418400.00,28,404),(1703232030,10502,316138.00,62,105),(1703260847,50101,17289.00,51,501),(1704010251,40201,165440.00,32,402),(1704021729,20401,155940.00,60,204),(1704122100,50302,6956.00,47,503),(1705270324,30101,94473.00,27,301),(1705280325,50502,18720.00,40,505),(1705310109,20302,46787.00,13,203),(1706031528,10201,224955.00,45,102),(1706220903,20202,45980.00,20,202),(1707220337,40501,5266900.00,31,405),(1708041909,50201,4312.00,44,502),(1708161803,20101,124146.00,54,201),(1708202249,50402,4836.00,62,504),(1709061647,40402,2048000.00,10,404),(1710050656,10201,194961.00,39,102),(1710250021,30301,4809.00,21,303),(1711071027,20201,43681.00,19,202),(1711140551,30501,8340.00,60,305),(1711161554,20202,140239.00,61,202),(1711211543,20402,207984.00,16,204),(1712031012,10501,142974.00,26,105),(1801051358,10302,144971.00,29,103),(1801061708,10101,94479.00,21,101),(1801250105,50202,8923.20,48,502),(1801280229,10302,254949.00,51,103),(1802041248,50402,2418.00,31,504),(1802090347,10301,155759.00,41,103),(1803021950,10202,55965.00,35,102),(1803182010,20102,53980.00,20,201),(1803272200,20401,54579.00,21,204),(1805121400,30302,63771.00,29,303),(1806162209,10401,241362.00,69,104),(1808050202,30302,30786.00,14,303),(1808110457,10401,38478.00,11,104),(1809091817,30402,179560.00,67,304),(1809260603,30402,64320.00,24,304),(1810040844,40302,72885000.00,15,403),(1810081618,30502,8671.00,29,305),(1811171822,40102,8152000.00,40,401),(1812052051,10402,167880.00,60,104),(1812090743,30501,8062.00,58,305),(1812241605,50501,6210.00,45,505),(1901082305,20101,98857.00,43,201),(1902101728,50102,3608.00,41,501),(1902281935,50401,8514.00,66,504),(1904111920,40302,48590000.00,10,403),(1904212351,40402,8192000.00,40,404),(1905302115,50401,4257.00,33,504),(1906122108,10402,142698.00,51,104),(1907130953,50101,4068.00,12,501),(1907141733,40502,6331800.00,61,405),(1909052018,50201,5684.00,58,502),(1909260320,40101,9996000.00,40,401),(1909271924,20301,18187.00,13,203),(1909301511,50501,7590.00,55,505),(1910100215,30401,18463.00,37,304),(1910130528,30202,160580.00,62,302),(1910232231,40301,20400000.00,5,403),(1910280811,50301,917.70,23,503),(1911050147,40501,7475600.00,44,405),(1911100841,30502,19734.00,66,305),(1911160628,50502,6084.00,13,505),(1911271843,40401,2209200.00,14,404),(1911280909,40102,13450800.00,66,401),(1912020133,30301,5038.00,22,303),(1912151356,20502,50386.00,14,205),(1912251040,50302,7844.00,53,503),(2001190734,20402,402969.00,31,204),(2001220738,30201,165186.00,14,302),(2002052223,20501,45059.00,41,205),(2002082107,10301,49387.00,13,103),(2002240210,10101,220451.00,49,101),(2003010708,20102,102562.00,38,201),(2004090931,30401,9481.00,19,304),(2004161422,20302,115168.00,32,203),(2004240245,10102,95712.00,24,101),(2006161533,40201,356730.00,69,402),(2006211538,10501,252954.00,46,105),(2007091400,30101,234433.00,67,301),(2007151919,30102,71990.00,10,301),(2009181437,10502,137673.00,27,105),(2009210317,30202,116550.00,45,302),(2010020253,10202,81549.00,51,102),(2010181513,20502,176351.00,49,205),(2011060520,40101,16743300.00,67,401),(2011260113,50102,5280.00,60,501),(2011300729,30102,367149.00,51,301);
/*!40000 ALTER TABLE `goods_order` ENABLE KEYS */;
UNLOCK TABLES;

--
-- Table structure for table `io_info`
--

DROP TABLE IF EXISTS `io_info`;
/*!40101 SET @saved_cs_client     = @@character_set_client */;
/*!50503 SET character_set_client = utf8mb4 */;
CREATE TABLE `io_info` (
  `goods_id` int unsigned NOT NULL,
  `warehouse_id` int unsigned NOT NULL,
  `condition` int DEFAULT NULL,
  `num` int DEFAULT NULL,
  PRIMARY KEY (`goods_id`,`warehouse_id`)
) ENGINE=InnoDB DEFAULT CHARSET=utf8mb4 COLLATE=utf8mb4_0900_ai_ci;
/*!40101 SET character_set_client = @saved_cs_client */;

--
-- Dumping data for table `io_info`
--

LOCK TABLES `io_info` WRITE;
/*!40000 ALTER TABLE `io_info` DISABLE KEYS */;
/*!40000 ALTER TABLE `io_info` ENABLE KEYS */;
UNLOCK TABLES;

--
-- Table structure for table `order`
--

DROP TABLE IF EXISTS `order`;
/*!40101 SET @saved_cs_client     = @@character_set_client */;
/*!50503 SET character_set_client = utf8mb4 */;
CREATE TABLE `order` (
  `order_id` int unsigned NOT NULL,
  `date` datetime NOT NULL,
  PRIMARY KEY (`order_id`)
) ENGINE=InnoDB DEFAULT CHARSET=utf8mb4 COLLATE=utf8mb4_0900_ai_ci;
/*!40101 SET character_set_client = @saved_cs_client */;

--
-- Dumping data for table `order`
--

LOCK TABLES `order` WRITE;
/*!40000 ALTER TABLE `order` DISABLE KEYS */;
INSERT INTO `order` VALUES (1701061957,'2017-01-06 19:57:40'),(1701110616,'2017-01-11 06:16:32'),(1701171112,'2017-01-17 11:12:19'),(1702060955,'2017-02-06 09:55:08'),(1702151906,'2017-02-15 19:06:50'),(1702170814,'2017-02-17 08:14:04'),(1702200444,'2017-02-20 04:44:08'),(1702271655,'2017-02-27 16:55:48'),(1703121300,'2017-03-12 13:00:05'),(1703152307,'2017-03-15 23:07:49'),(1703160735,'2017-03-16 07:35:46'),(1703170324,'2017-03-17 03:24:20'),(1703232030,'2017-03-23 20:30:43'),(1703260847,'2017-03-26 08:47:21'),(1704010251,'2017-04-01 02:51:44'),(1704021729,'2017-04-02 17:29:37'),(1704122100,'2017-04-12 21:00:40'),(1705270324,'2017-05-27 03:24:38'),(1705280325,'2017-05-28 03:25:30'),(1705310109,'2017-05-31 01:09:17'),(1706031528,'2017-06-03 15:28:17'),(1706220903,'2017-06-22 09:03:11'),(1707220337,'2017-07-22 03:37:31'),(1708041909,'2017-08-04 19:09:38'),(1708161803,'2017-08-16 18:03:22'),(1708202249,'2017-08-20 22:49:22'),(1709061647,'2017-09-06 16:47:09'),(1710050656,'2017-10-05 06:56:55'),(1710250021,'2017-10-25 00:21:57'),(1711071027,'2017-11-07 10:27:20'),(1711140551,'2017-11-14 05:51:08'),(1711161554,'2017-11-16 15:54:23'),(1711211543,'2017-11-21 15:43:27'),(1712031012,'2017-12-03 10:12:26'),(1801051358,'2018-01-05 13:58:01'),(1801061708,'2018-01-06 17:08:31'),(1801250105,'2018-01-25 01:05:27'),(1801280229,'2018-01-28 02:29:33'),(1802041248,'2018-02-04 12:48:16'),(1802090347,'2018-02-09 03:47:45'),(1803021950,'2018-03-02 19:50:33'),(1803182010,'2018-03-18 20:10:34'),(1803272200,'2018-03-27 22:00:44'),(1805121400,'2018-05-12 14:00:24'),(1806162209,'2018-06-16 22:09:01'),(1808050202,'2018-08-05 02:02:51'),(1808110457,'2018-08-11 04:57:45'),(1809091817,'2018-09-09 18:17:31'),(1809260603,'2018-09-26 06:03:26'),(1810040844,'2018-10-04 08:44:57'),(1810081618,'2018-10-08 16:18:00'),(1811171822,'2018-11-17 18:22:25'),(1812052051,'2018-12-05 20:51:18'),(1812090743,'2018-12-09 07:43:10'),(1812241605,'2018-12-24 16:05:33'),(1901082305,'2019-01-08 23:05:15'),(1902101728,'2019-02-10 17:28:04'),(1902281935,'2019-02-28 19:35:11'),(1904111920,'2019-04-11 19:20:40'),(1904212351,'2019-04-21 23:51:21'),(1905302115,'2019-05-30 21:15:52'),(1906122108,'2019-06-12 21:08:02'),(1907130953,'2019-07-13 09:53:11'),(1907141733,'2019-07-14 17:33:05'),(1909052018,'2019-09-05 20:18:52'),(1909260320,'2019-09-26 03:20:10'),(1909271924,'2019-09-27 19:24:41'),(1909301511,'2019-09-30 15:11:27'),(1910100215,'2019-10-10 02:15:33'),(1910130528,'2019-10-13 05:28:45'),(1910232231,'2019-10-23 22:31:23'),(1910280811,'2019-10-28 08:11:31'),(1911050147,'2019-11-05 01:47:09'),(1911100841,'2019-11-10 08:41:13'),(1911160628,'2019-11-16 06:28:29'),(1911271843,'2019-11-27 18:43:18'),(1911280909,'2019-11-28 09:09:55'),(1912020133,'2019-12-02 01:33:43'),(1912151356,'2019-12-15 13:56:24'),(1912251040,'2019-12-25 10:40:56'),(2001190734,'2020-01-19 07:34:51'),(2001220738,'2020-01-22 07:38:56'),(2002052223,'2020-02-05 22:23:36'),(2002082107,'2020-02-08 21:07:32'),(2002240210,'2020-02-24 02:10:32'),(2003010708,'2020-03-01 07:08:32'),(2004090931,'2020-04-09 09:31:12'),(2004161422,'2020-04-16 14:22:11'),(2004240245,'2020-04-24 02:45:36'),(2006161533,'2020-06-16 15:33:03'),(2006211538,'2020-06-21 15:38:57'),(2007091400,'2020-07-09 14:00:46'),(2007151919,'2020-07-15 19:19:27'),(2009181437,'2020-09-18 14:37:57'),(2009210317,'2020-09-21 03:17:19'),(2010020253,'2020-10-02 02:53:20'),(2010181513,'2020-10-18 15:13:29'),(2011060520,'2020-11-06 05:20:31'),(2011260113,'2020-11-26 01:13:29'),(2011300729,'2020-11-30 07:29:00');
/*!40000 ALTER TABLE `order` ENABLE KEYS */;
UNLOCK TABLES;

--
-- Table structure for table `order_trans`
--

DROP TABLE IF EXISTS `order_trans`;
/*!40101 SET @saved_cs_client     = @@character_set_client */;
/*!50503 SET character_set_client = utf8mb4 */;
CREATE TABLE `order_trans` (
  `order_id` int unsigned NOT NULL,
  `trans_id` int unsigned NOT NULL,
  PRIMARY KEY (`order_id`,`trans_id`)
) ENGINE=InnoDB DEFAULT CHARSET=utf8mb4 COLLATE=utf8mb4_0900_ai_ci;
/*!40101 SET character_set_client = @saved_cs_client */;

--
-- Dumping data for table `order_trans`
--

LOCK TABLES `order_trans` WRITE;
/*!40000 ALTER TABLE `order_trans` DISABLE KEYS */;
INSERT INTO `order_trans` VALUES (1701061957,1701061957),(1701110616,1701110616),(1701171112,1701171112),(1702060955,1702060955),(1702151906,1702151906),(1702170814,1702170814),(1702200444,1702200444),(1702271655,1702271655),(1703121300,1703121300),(1703152307,1703152307),(1703160735,1703160735),(1703170324,1703170324),(1703232030,1703232030),(1703260847,1703260847),(1704010251,1704010251),(1704021729,1704021729),(1704122100,1704122100),(1705270324,1705270324),(1705280325,1705280325),(1705310109,1705310109),(1706031528,1706031528),(1706220903,1706220903),(1707220337,1707220337),(1708041909,1708041909),(1708161803,1708161803),(1708202249,1708202249),(1709061647,1709061647),(1710050656,1710050656),(1710250021,1710250021),(1711071027,1711071027),(1711140551,1711140551),(1711161554,1711161554),(1711211543,1711211543),(1712031012,1712031012),(1801051358,1801051358),(1801061708,1801061708),(1801250105,1801250105),(1801280229,1801280229),(1802041248,1802041248),(1802090347,1802090347),(1803021950,1803021950),(1803182010,1803182010),(1803272200,1803272200),(1805121400,1805121400),(1806162209,1806162209),(1808050202,1808050202),(1808110457,1808110457),(1809091817,1809091817),(1809260603,1809260603),(1810040844,1810040844),(1810081618,1810081618),(1811171822,1811171822),(1812052051,1812052051),(1812090743,1812090743),(1812241605,1812241605),(1901082305,1901082305),(1902101728,1902101728),(1902281935,1902281935),(1904111920,1904111920),(1904212351,1904212351),(1905302115,1905302115),(1906122108,1906122108),(1907130953,1907130953),(1907141733,1907141733),(1909052018,1909052018),(1909260320,1909260320),(1909271924,1909271924),(1909301511,1909301511),(1910100215,1910100215),(1910130528,1910130528),(1910232231,1910232231),(1910280811,1910280811),(1911050147,1911050147),(1911100841,1911100841),(1911160628,1911160628),(1911271843,1911271843),(1911280909,1911280909),(1912020133,1912020133),(1912151356,1912151356),(1912251040,1912251040),(2001190734,2001190734),(2001220738,2001220738),(2002052223,2002052223),(2002082107,2002082107),(2002240210,2002240210),(2003010708,2003010708),(2004090931,2004090931),(2004161422,2004161422),(2004240245,2004240245),(2006161533,2006161533),(2006211538,2006211538),(2007091400,2007091400),(2007151919,2007151919),(2009181437,2009181437),(2009210317,2009210317),(2010020253,2010020253),(2010181513,2010181513),(2011060520,2011060520),(2011260113,2011260113),(2011300729,2011300729);
/*!40000 ALTER TABLE `order_trans` ENABLE KEYS */;
UNLOCK TABLES;

--
-- Table structure for table `sell`
--

DROP TABLE IF EXISTS `sell`;
/*!40101 SET @saved_cs_client     = @@character_set_client */;
/*!50503 SET character_set_client = utf8mb4 */;
CREATE TABLE `sell` (
  `store_id` int unsigned NOT NULL,
  `goods_id` int unsigned NOT NULL,
  PRIMARY KEY (`store_id`,`goods_id`)
) ENGINE=InnoDB DEFAULT CHARSET=utf8mb4 COLLATE=utf8mb4_0900_ai_ci;
/*!40101 SET character_set_client = @saved_cs_client */;

--
-- Dumping data for table `sell`
--

LOCK TABLES `sell` WRITE;
/*!40000 ALTER TABLE `sell` DISABLE KEYS */;
INSERT INTO `sell` VALUES (101,10101),(101,10102),(102,10201),(102,10202),(103,10301),(103,10302),(104,10401),(104,10402),(105,10501),(105,10502),(201,20101),(201,20102),(202,20201),(202,20202),(203,20301),(203,20302),(204,20401),(204,20402),(205,20501),(205,20502),(301,30101),(301,30102),(302,30201),(302,30202),(303,30301),(303,30302),(304,30401),(304,30402),(305,30501),(305,30502),(401,40101),(401,40102),(402,40201),(402,40202),(403,40301),(403,40302),(404,40401),(404,40402),(405,40501),(405,40502),(501,50101),(501,50102),(502,50201),(502,50202),(503,50301),(503,50302),(504,50401),(504,50402),(505,50501),(505,50502);
/*!40000 ALTER TABLE `sell` ENABLE KEYS */;
UNLOCK TABLES;

--
-- Table structure for table `seller`
--

DROP TABLE IF EXISTS `seller`;
/*!40101 SET @saved_cs_client     = @@character_set_client */;
/*!50503 SET character_set_client = utf8mb4 */;
CREATE TABLE `seller` (
  `seller_id` int unsigned NOT NULL,
  `seller_name` varchar(20) NOT NULL,
  `seller_phone_num` int unsigned NOT NULL,
  PRIMARY KEY (`seller_id`),
  UNIQUE KEY `id_UNIQUE` (`seller_id`)
) ENGINE=InnoDB DEFAULT CHARSET=utf8mb4 COLLATE=utf8mb4_0900_ai_ci;
/*!40101 SET character_set_client = @saved_cs_client */;

--
-- Dumping data for table `seller`
--

LOCK TABLES `seller` WRITE;
/*!40000 ALTER TABLE `seller` DISABLE KEYS */;
INSERT INTO `seller` VALUES (1850107,'黄伟杰',185010700),(1850110,'霍定镭',185011000),(1850950,'陈厚裕',185095000),(1851486,'方   浩',185148600),(1851760,'俞振辉',185176000),(1852143,'董震宇',185214300),(1852344,'杨   础',185234400),(1853360,'龚   攀',185336000),(1853378,'宋俊钢',185337800),(1853534,'关敬徽',185353400);
/*!40000 ALTER TABLE `seller` ENABLE KEYS */;
UNLOCK TABLES;

--
-- Table structure for table `seller_store`
--

DROP TABLE IF EXISTS `seller_store`;
/*!40101 SET @saved_cs_client     = @@character_set_client */;
/*!50503 SET character_set_client = utf8mb4 */;
CREATE TABLE `seller_store` (
  `store_id` int unsigned NOT NULL,
  `seller_id` int unsigned NOT NULL,
  PRIMARY KEY (`store_id`)
) ENGINE=InnoDB DEFAULT CHARSET=utf8mb4 COLLATE=utf8mb4_0900_ai_ci;
/*!40101 SET character_set_client = @saved_cs_client */;

--
-- Dumping data for table `seller_store`
--

LOCK TABLES `seller_store` WRITE;
/*!40000 ALTER TABLE `seller_store` DISABLE KEYS */;
INSERT INTO `seller_store` VALUES (101,1850107),(102,1850107),(103,1850107),(104,1850107),(105,1850107),(201,1850107),(202,1850107),(203,1852143),(204,1852143),(205,1853534),(301,1853534),(302,1853360),(303,1853360),(304,1851486),(305,1851486),(401,1852344),(402,1852344),(403,1851760),(404,1851760),(405,1850110),(501,1850110),(502,1850950),(503,1850950),(504,1853378),(505,1853378);
/*!40000 ALTER TABLE `seller_store` ENABLE KEYS */;
UNLOCK TABLES;

--
-- Table structure for table `staff`
--

DROP TABLE IF EXISTS `staff`;
/*!40101 SET @saved_cs_client     = @@character_set_client */;
/*!50503 SET character_set_client = utf8mb4 */;
CREATE TABLE `staff` (
  `staff_id` int unsigned NOT NULL,
  `staff_name` varchar(20) NOT NULL,
  `staff_phone_num` int unsigned NOT NULL,
  PRIMARY KEY (`staff_id`)
) ENGINE=InnoDB DEFAULT CHARSET=utf8mb4 COLLATE=utf8mb4_0900_ai_ci;
/*!40101 SET character_set_client = @saved_cs_client */;

--
-- Dumping data for table `staff`
--

LOCK TABLES `staff` WRITE;
/*!40000 ALTER TABLE `staff` DISABLE KEYS */;
INSERT INTO `staff` VALUES (1,'董宏儒',199218901),(2,'董会欣',199218902),(3,'董明轩',199218903),(4,'董哲美',199218904),(5,'董昂熙',199218905),(6,'董曼珍',199218906),(7,'续梦昕',199218907),(8,'续晓东',199218908),(9,'续灵慧',199218909),(10,'续清妍',199218910),(11,'续鸿宝',199218911),(12,'续幼安',199218912),(13,'续弘扬',199218913),(14,'续语丝',199218914),(15,'杨桃雨',199218915),(16,'杨浩思',199218916),(17,'杨笑寒',199218917),(18,'杨映阳',199218918),(19,'杨念露',199218919),(20,'杨子晋',199218920),(21,'段云蔚',199218921),(22,'段俊茂',199218922),(23,'段俊良',199218923),(24,'段听然',199218924),(25,'段寻芳',199218925),(26,'段含巧',199218926),(27,'张梦华',199218927),(28,'张新柔',199218928),(29,'张涵育',199218929),(30,'张芳馨',199218930),(31,'张梦之',199218931),(32,'张冰菱',199218932),(33,'龚高寒',199218933),(34,'龚芸溪',199218934),(35,'龚夏寒',199218935),(36,'龚智纯',199218936),(37,'龚宏盛',199218937),(38,'龚代梅',199218938),(39,'黄纳兰',199218939),(40,'黄雅韵',199218940),(41,'黄凌霜',199218941),(42,'黄睿慈',199218942),(43,'黄千凡',199218943),(44,'黄鸿信',199218944),(45,'关凯复',199218945),(46,'关向山',199218946),(47,'关千凝',199218947),(48,'关芳馥',199218948),(49,'关晴霞',199218949),(50,'关英卫',199218950);
/*!40000 ALTER TABLE `staff` ENABLE KEYS */;
UNLOCK TABLES;

--
-- Table structure for table `stock`
--

DROP TABLE IF EXISTS `stock`;
/*!40101 SET @saved_cs_client     = @@character_set_client */;
/*!50503 SET character_set_client = utf8mb4 */;
CREATE TABLE `stock` (
  `store_id` int unsigned NOT NULL,
  `warehouse_id` int unsigned NOT NULL,
  PRIMARY KEY (`store_id`,`warehouse_id`)
) ENGINE=InnoDB DEFAULT CHARSET=utf8mb4 COLLATE=utf8mb4_0900_ai_ci;
/*!40101 SET character_set_client = @saved_cs_client */;

--
-- Dumping data for table `stock`
--

LOCK TABLES `stock` WRITE;
/*!40000 ALTER TABLE `stock` DISABLE KEYS */;
/*!40000 ALTER TABLE `stock` ENABLE KEYS */;
UNLOCK TABLES;

--
-- Table structure for table `store`
--

DROP TABLE IF EXISTS `store`;
/*!40101 SET @saved_cs_client     = @@character_set_client */;
/*!50503 SET character_set_client = utf8mb4 */;
CREATE TABLE `store` (
  `store_id` int unsigned NOT NULL,
  `store_name` varchar(45) NOT NULL,
  `fans_num` int unsigned NOT NULL,
  `type` varchar(45) NOT NULL,
  PRIMARY KEY (`store_id`)
) ENGINE=InnoDB DEFAULT CHARSET=utf8mb4 COLLATE=utf8mb4_0900_ai_ci;
/*!40101 SET character_set_client = @saved_cs_client */;

--
-- Dumping data for table `store`
--

LOCK TABLES `store` WRITE;
/*!40000 ALTER TABLE `store` DISABLE KEYS */;
INSERT INTO `store` VALUES (101,'华为手机店',25050000,'手机phone'),(102,'小米手机店',24050000,'手机phone'),(103,'OPPO手机店',23050000,'手机phone'),(104,'VIVO手机店',22050000,'手机phone'),(105,'iPhone手机店',21050000,'手机phone'),(201,'海尔电器',36040000,'电器elec appliance'),(202,'格力电器',35040000,'电器elec appliance'),(203,'美的电器',34040000,'电器elec appliance'),(204,'海信电器',33040000,'电器elec appliance'),(205,'康佳电器',32040000,'电器elec appliance'),(301,'索尼数码',38540000,'数码digital'),(302,'尼康数码',38440000,'数码digital'),(303,'小米数码',38340000,'数码digital'),(304,'阿里数码',38240000,'数码digital'),(305,'漫步者',38140000,'数码digital'),(401,'一汽大众',64720000,'汽车car'),(402,'宝马',64620000,'汽车car'),(403,'法拉利',64520000,'汽车car'),(404,'丰田',64420000,'汽车car'),(405,'本田',64320000,'汽车car'),(501,'饮料',46850000,'食品food'),(502,'茶油批发',46750000,'食品food'),(503,'肉类',46650000,'食品food'),(504,'海鲜',46550000,'食品food'),(505,'百货',46450000,'食品food');
/*!40000 ALTER TABLE `store` ENABLE KEYS */;
UNLOCK TABLES;

--
-- Table structure for table `store_staff`
--

DROP TABLE IF EXISTS `store_staff`;
/*!40101 SET @saved_cs_client     = @@character_set_client */;
/*!50503 SET character_set_client = utf8mb4 */;
CREATE TABLE `store_staff` (
  `store_id` int NOT NULL,
  `staff_id` int NOT NULL,
  PRIMARY KEY (`store_id`,`staff_id`)
) ENGINE=InnoDB DEFAULT CHARSET=utf8mb4 COLLATE=utf8mb4_0900_ai_ci;
/*!40101 SET character_set_client = @saved_cs_client */;

--
-- Dumping data for table `store_staff`
--

LOCK TABLES `store_staff` WRITE;
/*!40000 ALTER TABLE `store_staff` DISABLE KEYS */;
INSERT INTO `store_staff` VALUES (101,1),(101,26),(102,2),(102,27),(103,3),(103,28),(104,4),(104,29),(105,5),(105,30),(201,6),(201,31),(202,7),(202,32),(203,8),(203,33),(204,9),(204,34),(205,10),(205,35),(301,11),(301,36),(302,12),(302,37),(303,13),(303,38),(304,14),(304,39),(305,15),(305,40),(401,16),(401,41),(402,17),(402,42),(403,18),(403,43),(404,19),(404,44),(405,20),(405,45),(501,21),(501,46),(502,22),(502,47),(503,23),(503,48),(504,24),(504,49),(505,25),(505,50);
/*!40000 ALTER TABLE `store_staff` ENABLE KEYS */;
UNLOCK TABLES;

--
-- Table structure for table `transportinfo`
--

DROP TABLE IF EXISTS `transportinfo`;
/*!40101 SET @saved_cs_client     = @@character_set_client */;
/*!50503 SET character_set_client = utf8mb4 */;
CREATE TABLE `transportinfo` (
  `trans_id` int unsigned NOT NULL,
  `departure` varchar(80) NOT NULL,
  `destination` varchar(80) NOT NULL,
  `fare` float unsigned NOT NULL,
  PRIMARY KEY (`trans_id`)
) ENGINE=InnoDB DEFAULT CHARSET=utf8mb4 COLLATE=utf8mb4_0900_ai_ci;
/*!40101 SET character_set_client = @saved_cs_client */;

--
-- Dumping data for table `transportinfo`
--

LOCK TABLES `transportinfo` WRITE;
/*!40000 ALTER TABLE `transportinfo` DISABLE KEYS */;
INSERT INTO `transportinfo` VALUES (1701061957,'拉萨','海口',39),(1701110616,'福州','哈尔滨',37),(1701171112,'上海','郑州',49),(1702060955,'南宁','南昌',52),(1702151906,'南京','香港',12),(1702170814,'海口','拉萨',32),(1702200444,'西安','太原',29),(1702271655,'沈阳','昆明',61),(1703121300,'合肥','西宁',54),(1703152307,'太原','西安',24),(1703160735,'成都','杭州',61),(1703170324,'石家庄','太原',25),(1703232030,'杭州','成都',30),(1703260847,'台北','拉萨',36),(1704010251,'拉萨','台北',10),(1704021729,'贵阳','长沙',50),(1704122100,'重庆','哈尔滨',30),(1705270324,'济南','西宁',23),(1705280325,'合肥','乌鲁木齐',53),(1705310109,'广州','银川',13),(1706031528,'贵阳','武汉',25),(1706220903,'北京','西安',45),(1707220337,'昆明','南昌',11),(1708041909,'沈阳','福州',25),(1708161803,'澳门','兰州',58),(1708202249,'武汉','昆明',68),(1709061647,'兰州','香港',30),(1710050656,'福州','郑州',28),(1710250021,'海口','香港',57),(1711071027,'南京','海口',57),(1711140551,'重庆','上海',10),(1711161554,'天津','拉萨',59),(1711211543,'郑州','福州',30),(1712031012,'台北','澳门',26),(1801051358,'武汉','石家庄',40),(1801061708,'南京','重庆',26),(1801250105,'西宁','澳门',65),(1801280229,'成都','长沙',44),(1802041248,'银川','北京',54),(1802090347,'银川','广州',34),(1803021950,'上海','长春',42),(1803182010,'南昌','南宁',59),(1803272200,'哈尔滨','贵阳',49),(1805121400,'石家庄','乌鲁木齐',43),(1806162209,'昆明','沈阳',31),(1808050202,'昆明','武汉',23),(1808110457,'太原','郑州',30),(1809091817,'成都','呼和浩特',51),(1809260603,'重庆','南京',43),(1810040844,'广州','长春',46),(1810081618,'哈尔滨','福州',50),(1811171822,'呼和浩特','长沙',18),(1812052051,'南宁','济南',37),(1812090743,'长沙','贵阳',60),(1812241605,'西安','济南',52),(1901082305,'澳门','台北',44),(1902101728,'拉萨','天津',44),(1902281935,'长春','天津',35),(1904111920,'杭州','台北',20),(1904212351,'乌鲁木齐','合肥',15),(1905302115,'石家庄','武汉',45),(1906122108,'香港','兰州',49),(1907130953,'天津','沈阳',34),(1907141733,'南宁','杭州',41),(1909052018,'北京','银川',67),(1909260320,'长春','广州',28),(1909271924,'郑州','上海',48),(1909301511,'海口','南京',21),(1910100215,'乌鲁木齐','石家庄',22),(1910130528,'上海','重庆',40),(1910232231,'哈尔滨','重庆',47),(1910280811,'天津','长春',68),(1911050147,'杭州','南宁',57),(1911100841,'南昌','乌鲁木齐',50),(1911160628,'南昌','昆明',36),(1911271843,'长春','上海',61),(1911280909,'西安','北京',68),(1912020133,'沈阳','天津',17),(1912151356,'呼和浩特','广州',13),(1912251040,'武汉','贵阳',38),(2001190734,'台北','杭州',28),(2001220738,'兰州','北京',20),(2002052223,'长沙','呼和浩特',58),(2002082107,'贵阳','哈尔滨',62),(2002240210,'北京','兰州',25),(2003010708,'济南','南宁',38),(2004090931,'长沙','成都',32),(2004161422,'西宁','合肥',60),(2004240245,'呼和浩特','成都',53),(2006161533,'兰州','澳门',35),(2006211538,'乌鲁木齐','南昌',23),(2007091400,'郑州','太原',47),(2007151919,'西宁','济南',64),(2009181437,'香港','海口',31),(2009210317,'太原','石家庄',39),(2010020253,'银川','合肥',13),(2010181513,'香港','南京',14),(2011060520,'澳门','西宁',53),(2011260113,'济南','西安',24),(2011300729,'合肥','银川',10);
/*!40000 ALTER TABLE `transportinfo` ENABLE KEYS */;
UNLOCK TABLES;

--
-- Table structure for table `user`
--

DROP TABLE IF EXISTS `user`;
/*!40101 SET @saved_cs_client     = @@character_set_client */;
/*!50503 SET character_set_client = utf8mb4 */;
CREATE TABLE `user` (
  `ID` int unsigned NOT NULL,
  `user_name` varchar(20) DEFAULT NULL,
  `password` varchar(20) DEFAULT NULL,
  `type` varchar(20) DEFAULT NULL,
  PRIMARY KEY (`ID`)
) ENGINE=InnoDB DEFAULT CHARSET=utf8mb4 COLLATE=utf8mb4_0900_ai_ci;
/*!40101 SET character_set_client = @saved_cs_client */;

--
-- Dumping data for table `user`
--

LOCK TABLES `user` WRITE;
/*!40000 ALTER TABLE `user` DISABLE KEYS */;
INSERT INTO `user` VALUES (1000001,'础  宝','123456','admin'),(1850107,'黄伟杰','123456','seller'),(1850110,'霍定镭','123456','seller'),(1850950,'陈厚裕','123456','seller'),(1851486,'方浩','123456','seller'),(1851760,'俞振辉','123456','seller'),(1852143,'董震宇','123456','seller'),(1852344,'杨础','123456','seller'),(1853360,'龚攀','123456','seller'),(1853378,'宋俊钢','123456','seller'),(1853534,'关敬徽','123456','seller'),(20200901,'卢本伟','123456','customer'),(20200902,'55开','123456','customer'),(20200903,'White','123456','customer'),(20200904,'PDD','123456','customer'),(20200905,'聂子哥','123456','customer');
/*!40000 ALTER TABLE `user` ENABLE KEYS */;
UNLOCK TABLES;

--
-- Table structure for table `warehouse`
--

DROP TABLE IF EXISTS `warehouse`;
/*!40101 SET @saved_cs_client     = @@character_set_client */;
/*!50503 SET character_set_client = utf8mb4 */;
CREATE TABLE `warehouse` (
  `warehouse_id` int unsigned NOT NULL,
  `warehouse_name` varchar(45) NOT NULL,
  `address` varchar(80) NOT NULL,
  PRIMARY KEY (`warehouse_id`)
) ENGINE=InnoDB DEFAULT CHARSET=utf8mb4 COLLATE=utf8mb4_0900_ai_ci;
/*!40101 SET character_set_client = @saved_cs_client */;

--
-- Dumping data for table `warehouse`
--

LOCK TABLES `warehouse` WRITE;
/*!40000 ALTER TABLE `warehouse` DISABLE KEYS */;
/*!40000 ALTER TABLE `warehouse` ENABLE KEYS */;
UNLOCK TABLES;
/*!40103 SET TIME_ZONE=@OLD_TIME_ZONE */;

/*!40101 SET SQL_MODE=@OLD_SQL_MODE */;
/*!40014 SET FOREIGN_KEY_CHECKS=@OLD_FOREIGN_KEY_CHECKS */;
/*!40014 SET UNIQUE_CHECKS=@OLD_UNIQUE_CHECKS */;
/*!40101 SET CHARACTER_SET_CLIENT=@OLD_CHARACTER_SET_CLIENT */;
/*!40101 SET CHARACTER_SET_RESULTS=@OLD_CHARACTER_SET_RESULTS */;
/*!40101 SET COLLATION_CONNECTION=@OLD_COLLATION_CONNECTION */;
/*!40111 SET SQL_NOTES=@OLD_SQL_NOTES */;

-- Dump completed on 2020-09-17 23:52:38
